country_name,country_code,slug_game,total_medal_count
United States of America,US,amsterdam-1928,58
Germany,DE,amsterdam-1928,33
Finland,FI,amsterdam-1928,24
Sweden,SE,amsterdam-1928,24
Great Britain,GB,amsterdam-1928,22
France,FR,amsterdam-1928,21
Netherlands,NL,amsterdam-1928,20
Italy,IT,amsterdam-1928,19
Canada,CA,amsterdam-1928,16
Switzerland,CH,amsterdam-1928,15
Czechoslovakia,CSHH,amsterdam-1928,9
Hungary,HU,amsterdam-1928,9
Argentina,AR,amsterdam-1928,7
Denmark,DK,amsterdam-1928,6
Estonia,EE,amsterdam-1928,5
Japan,JP,amsterdam-1928,5
Poland,PL,amsterdam-1928,5
Yugoslavia,YUCS,amsterdam-1928,5
Australia,AU,amsterdam-1928,4
Austria,AT,amsterdam-1928,4
Egypt,EG,amsterdam-1928,4
Belgium,BE,amsterdam-1928,3
Norway,NO,amsterdam-1928,3
South Africa,ZA,amsterdam-1928,3
Chile,CL,amsterdam-1928,1
Haiti,HT,amsterdam-1928,1
India,IN,amsterdam-1928,1
Ireland,IE,amsterdam-1928,1
New Zealand,NZ,amsterdam-1928,1
Philippines,PH,amsterdam-1928,1
Portugal,PT,amsterdam-1928,1
Spain,ES,amsterdam-1928,1
Uruguay,UY,amsterdam-1928,1
United States of America,US,antwerp-1920,96
Sweden,SE,antwerp-1920,64
Great Britain,GB,antwerp-1920,48
France,FR,antwerp-1920,45
Belgium,BE,antwerp-1920,36
Finland,FI,antwerp-1920,35
Norway,NO,antwerp-1920,32
Italy,IT,antwerp-1920,24
Denmark,DK,antwerp-1920,13
Netherlands,NL,antwerp-1920,13
South Africa,ZA,antwerp-1920,11
Switzerland,CH,antwerp-1920,11
Canada,CA,antwerp-1920,9
Australia,AU,antwerp-1920,3
Brazil,BR,antwerp-1920,3
Czechoslovakia,CSHH,antwerp-1920,3
Estonia,EE,antwerp-1920,3
Japan,JP,antwerp-1920,3
Spain,ES,antwerp-1920,2
Greece,GR,antwerp-1920,1
Luxembourg,LU,antwerp-1920,1
New Zealand,NZ,antwerp-1920,1
Greece,GR,athens-1896,49
United States of America,US,athens-1896,20
Germany,DE,athens-1896,13
France,FR,athens-1896,11
Great Britain,GB,athens-1896,7
Denmark,DK,athens-1896,6
Hungary,HU,athens-1896,6
Austria,AT,athens-1896,5
Switzerland,CH,athens-1896,3
Australia,AU,athens-1896,2
United States of America,US,athens-2004,106
Russian Federation,RU,athens-2004,95
People's Republic of China,CN,athens-2004,74
Germany,DE,athens-2004,57
Australia,AU,athens-2004,56
Japan,JP,athens-2004,39
Great Britain,GB,athens-2004,37
France,FR,athens-2004,36
Italy,IT,athens-2004,34
Republic of Korea,KR,athens-2004,34
Cuba,CU,athens-2004,28
Spain,ES,athens-2004,24
Netherlands,NL,athens-2004,23
Ukraine,UA,athens-2004,23
Romania,RO,athens-2004,21
Greece,GR,athens-2004,19
Hungary,HU,athens-2004,19
Belarus,BY,athens-2004,15
Canada,CA,athens-2004,14
Brazil,BR,athens-2004,13
Bulgaria,BG,athens-2004,12
Poland,PL,athens-2004,12
Czech Republic,CZ,athens-2004,10
Denmark,DK,athens-2004,10
Turkey,TR,athens-2004,10
Sweden,SE,athens-2004,9
Argentina,AR,athens-2004,8
Austria,AT,athens-2004,8
Kazakhstan,KZ,athens-2004,8
Thailand,TH,athens-2004,8
Croatia,HR,athens-2004,7
Ethiopia,ET,athens-2004,7
Kenya,KE,athens-2004,7
Norway,NO,athens-2004,7
Slovakia,SK,athens-2004,7
South Africa,ZA,athens-2004,7
Switzerland,CH,athens-2004,7
Islamic Republic of Iran,IR,athens-2004,6
New Zealand,NZ,athens-2004,6
Azerbaijan,AZ,athens-2004,5
Chinese Taipei,TW,athens-2004,5
Democratic People's Republic of Korea,KP,athens-2004,5
Egypt,EG,athens-2004,5
Indonesia,ID,athens-2004,5
Jamaica,JM,athens-2004,5
Slovenia,SI,athens-2004,5
Uzbekistan,UZ,athens-2004,5
Chile,CL,athens-2004,4
Georgia,GE,athens-2004,4
Latvia,LV,athens-2004,4
Mexico,MX,athens-2004,4
Belgium,BE,athens-2004,3
Estonia,EE,athens-2004,3
Lithuania,LT,athens-2004,3
Morocco,MA,athens-2004,3
Portugal,PT,athens-2004,3
Zimbabwe,ZW,athens-2004,3
Bahamas,BS,athens-2004,2
Colombia,CO,athens-2004,2
Finland,FI,athens-2004,2
"Hong Kong, China",HK,athens-2004,2
Israel,IL,athens-2004,2
Nigeria,NG,athens-2004,2
Serbia and Montenegro,CSXX,athens-2004,2
Venezuela,VE,athens-2004,2
Cameroon,CM,athens-2004,1
Dominican Republic,DO,athens-2004,1
Eritrea,ER,athens-2004,1
India,IN,athens-2004,1
Mongolia,MN,athens-2004,1
Paraguay,PY,athens-2004,1
Syrian Arab Republic,SY,athens-2004,1
Trinidad and Tobago,TT,athens-2004,1
United Arab Emirates,AE,athens-2004,1
United States of America,US,atlanta-1996,106
Germany,DE,atlanta-1996,71
Russian Federation,RU,atlanta-1996,63
People's Republic of China,CN,atlanta-1996,58
Australia,AU,atlanta-1996,51
France,FR,atlanta-1996,41
Italy,IT,atlanta-1996,38
Republic of Korea,KR,atlanta-1996,32
Cuba,CU,atlanta-1996,25
Ukraine,UA,atlanta-1996,25
Canada,CA,atlanta-1996,24
Hungary,HU,atlanta-1996,23
Romania,RO,atlanta-1996,23
Netherlands,NL,atlanta-1996,21
Spain,ES,atlanta-1996,20
Brazil,BR,atlanta-1996,19
Great Britain,GB,atlanta-1996,18
Poland,PL,atlanta-1996,17
Bulgaria,BG,atlanta-1996,16
Belarus,BY,atlanta-1996,15
Japan,JP,atlanta-1996,15
Czech Republic,CZ,atlanta-1996,13
Kazakhstan,KZ,atlanta-1996,11
Sweden,SE,atlanta-1996,10
Greece,GR,atlanta-1996,8
Kenya,KE,atlanta-1996,8
Norway,NO,atlanta-1996,8
Switzerland,CH,atlanta-1996,8
Belgium,BE,atlanta-1996,6
Denmark,DK,atlanta-1996,6
Indonesia,ID,atlanta-1996,6
Jamaica,JM,atlanta-1996,6
New Zealand,NZ,atlanta-1996,6
Nigeria,NG,atlanta-1996,6
Turkey,TR,atlanta-1996,6
Democratic People's Republic of Korea,KP,atlanta-1996,5
South Africa,ZA,atlanta-1996,5
Finland,FI,atlanta-1996,4
Ireland,IE,atlanta-1996,4
Serbia and Montenegro,CSXX,atlanta-1996,4
Algeria,DZ,atlanta-1996,3
Argentina,AR,atlanta-1996,3
Austria,AT,atlanta-1996,3
Ethiopia,ET,atlanta-1996,3
Islamic Republic of Iran,IR,atlanta-1996,3
Malaysia,MY,atlanta-1996,3
Portugal,PT,atlanta-1996,3
Republic of Moldova,MD,atlanta-1996,3
Slovakia,SK,atlanta-1996,3
Armenia,AM,atlanta-1996,2
Croatia,HR,atlanta-1996,2
Georgia,GE,atlanta-1996,2
Morocco,MA,atlanta-1996,2
Slovenia,SI,atlanta-1996,2
Thailand,TH,atlanta-1996,2
Uzbekistan,UZ,atlanta-1996,2
Azerbaijan,AZ,atlanta-1996,1
Bahamas,BS,atlanta-1996,1
Burundi,BI,atlanta-1996,1
Chinese Taipei,TW,atlanta-1996,1
Costa Rica,CR,atlanta-1996,1
Ecuador,EC,atlanta-1996,1
"Hong Kong, China",HK,atlanta-1996,1
India,IN,atlanta-1996,1
Israel,IL,atlanta-1996,1
Latvia,LV,atlanta-1996,1
Lithuania,LT,atlanta-1996,1
Mexico,MX,atlanta-1996,1
Mongolia,MN,atlanta-1996,1
Mozambique,MZ,atlanta-1996,1
Philippines,PH,atlanta-1996,1
Puerto Rico,PR,atlanta-1996,1
Syrian Arab Republic,SY,atlanta-1996,1
Tonga,TO,atlanta-1996,1
Tunisia,TN,atlanta-1996,1
Uganda,UG,atlanta-1996,1
Zambia,ZM,atlanta-1996,1
United States of America,US,barcelona-1992,117
Germany,DE,barcelona-1992,92
People's Republic of China,CN,barcelona-1992,61
Republic of Korea,KR,barcelona-1992,35
France,FR,barcelona-1992,32
Cuba,CU,barcelona-1992,31
Hungary,HU,barcelona-1992,31
Australia,AU,barcelona-1992,30
Spain,ES,barcelona-1992,26
Japan,JP,barcelona-1992,23
Canada,CA,barcelona-1992,21
Great Britain,GB,barcelona-1992,21
Poland,PL,barcelona-1992,21
Italy,IT,barcelona-1992,20
Romania,RO,barcelona-1992,19
Bulgaria,BG,barcelona-1992,17
Netherlands,NL,barcelona-1992,16
Sweden,SE,barcelona-1992,14
New Zealand,NZ,barcelona-1992,12
Democratic People's Republic of Korea,KP,barcelona-1992,10
Czechoslovakia,CSHH,barcelona-1992,8
Denmark,DK,barcelona-1992,8
Kenya,KE,barcelona-1992,8
Norway,NO,barcelona-1992,7
Indonesia,ID,barcelona-1992,6
Turkey,TR,barcelona-1992,6
Finland,FI,barcelona-1992,5
Croatia,HR,barcelona-1992,4
Jamaica,JM,barcelona-1992,4
Nigeria,NG,barcelona-1992,4
Austria,AT,barcelona-1992,3
Belgium,BE,barcelona-1992,3
Brazil,BR,barcelona-1992,3
Estonia,EE,barcelona-1992,3
Ethiopia,ET,barcelona-1992,3
Independent Olympic Athletes,IOA,barcelona-1992,3
Islamic Republic of Iran,IR,barcelona-1992,3
Latvia,LV,barcelona-1992,3
Morocco,MA,barcelona-1992,3
Slovenia,SI,barcelona-1992,3
South Africa,ZA,barcelona-1992,3
Algeria,DZ,barcelona-1992,2
Argentina,AR,barcelona-1992,2
Greece,GR,barcelona-1992,2
Ireland,IE,barcelona-1992,2
Israel,IL,barcelona-1992,2
Lithuania,LT,barcelona-1992,2
Malaysia,MY,barcelona-1992,2
Mongolia,MN,barcelona-1992,2
Bahamas,BS,barcelona-1992,1
Chinese Taipei,TW,barcelona-1992,1
Colombia,CO,barcelona-1992,1
Ghana,GH,barcelona-1992,1
Mexico,MX,barcelona-1992,1
Pakistan,PK,barcelona-1992,1
Peru,PE,barcelona-1992,1
Philippines,PH,barcelona-1992,1
Puerto Rico,PR,barcelona-1992,1
Qatar,QA,barcelona-1992,1
Suriname,SR,barcelona-1992,1
Switzerland,CH,barcelona-1992,1
Thailand,TH,barcelona-1992,1
United States of America,US,beijing-2008,116
People's Republic of China,CN,beijing-2008,113
Russian Federation,RU,beijing-2008,67
Great Britain,GB,beijing-2008,56
Australia,AU,beijing-2008,52
Germany,DE,beijing-2008,49
France,FR,beijing-2008,45
Republic of Korea,KR,beijing-2008,35
Cuba,CU,beijing-2008,30
Italy,IT,beijing-2008,28
Japan,JP,beijing-2008,26
Spain,ES,beijing-2008,25
Ukraine,UA,beijing-2008,23
Canada,CA,beijing-2008,22
Brazil,BR,beijing-2008,21
Netherlands,NL,beijing-2008,18
Belarus,BY,beijing-2008,17
Kenya,KE,beijing-2008,16
Hungary,HU,beijing-2008,12
Poland,PL,beijing-2008,12
New Zealand,NZ,beijing-2008,11
Denmark,DK,beijing-2008,10
Jamaica,JM,beijing-2008,10
Romania,RO,beijing-2008,10
Kazakhstan,KZ,beijing-2008,9
Norway,NO,beijing-2008,9
Argentina,AR,beijing-2008,8
Czech Republic,CZ,beijing-2008,8
Indonesia,ID,beijing-2008,8
Switzerland,CH,beijing-2008,8
Ethiopia,ET,beijing-2008,7
Georgia,GE,beijing-2008,7
Slovakia,SK,beijing-2008,7
Sweden,SE,beijing-2008,7
Azerbaijan,AZ,beijing-2008,6
Democratic People's Republic of Korea,KP,beijing-2008,6
Thailand,TH,beijing-2008,6
Armenia,AM,beijing-2008,5
Bulgaria,BG,beijing-2008,5
Croatia,HR,beijing-2008,5
Finland,FI,beijing-2008,5
Lithuania,LT,beijing-2008,5
Mexico,MX,beijing-2008,5
Nigeria,NG,beijing-2008,5
Slovenia,SI,beijing-2008,5
Turkey,TR,beijing-2008,5
Chinese Taipei,TW,beijing-2008,4
Greece,GR,beijing-2008,4
Mongolia,MN,beijing-2008,4
Uzbekistan,UZ,beijing-2008,4
Zimbabwe,ZW,beijing-2008,4
Austria,AT,beijing-2008,3
Colombia,CO,beijing-2008,3
Estonia,EE,beijing-2008,3
India,IN,beijing-2008,3
Ireland,IE,beijing-2008,3
Kyrgyzstan,KG,beijing-2008,3
Latvia,LV,beijing-2008,3
Serbia,RS,beijing-2008,3
Algeria,DZ,beijing-2008,2
Bahamas,BS,beijing-2008,2
Belgium,BE,beijing-2008,2
Dominican Republic,DO,beijing-2008,2
Egypt,EG,beijing-2008,2
Islamic Republic of Iran,IR,beijing-2008,2
Morocco,MA,beijing-2008,2
Portugal,PT,beijing-2008,2
Tajikistan,TJ,beijing-2008,2
Afghanistan,AF,beijing-2008,1
Cameroon,CM,beijing-2008,1
Chile,CL,beijing-2008,1
Ecuador,EC,beijing-2008,1
Iceland,IS,beijing-2008,1
Israel,IL,beijing-2008,1
Malaysia,MY,beijing-2008,1
Mauritius,MU,beijing-2008,1
Panama,PA,beijing-2008,1
Republic of Moldova,MD,beijing-2008,1
Samoa,WS,beijing-2008,1
Singapore,SG,beijing-2008,1
South Africa,ZA,beijing-2008,1
Sudan,SD,beijing-2008,1
Togo,TG,beijing-2008,1
Tunisia,TN,beijing-2008,1
Venezuela,VE,beijing-2008,1
Vietnam,VN,beijing-2008,1
Germany,DE,berlin-1936,89
United States of America,US,berlin-1936,55
Italy,IT,berlin-1936,22
Finland,FI,berlin-1936,19
France,FR,berlin-1936,19
Sweden,SE,berlin-1936,19
Japan,JP,berlin-1936,18
Netherlands,NL,berlin-1936,18
Hungary,HU,berlin-1936,16
Switzerland,CH,berlin-1936,15
Great Britain,GB,berlin-1936,14
Austria,AT,berlin-1936,11
Canada,CA,berlin-1936,9
Argentina,AR,berlin-1936,8
Czechoslovakia,CSHH,berlin-1936,8
Estonia,EE,berlin-1936,7
Poland,PL,berlin-1936,7
Denmark,DK,berlin-1936,6
Norway,NO,berlin-1936,6
Egypt,EG,berlin-1936,5
Mexico,MX,berlin-1936,3
Belgium,BE,berlin-1936,2
Latvia,LV,berlin-1936,2
Turkey,TR,berlin-1936,2
Australia,AU,berlin-1936,1
India,IN,berlin-1936,1
New Zealand,NZ,berlin-1936,1
Philippines,PH,berlin-1936,1
Portugal,PT,berlin-1936,1
Romania,RO,berlin-1936,1
South Africa,ZA,berlin-1936,1
Yugoslavia,YUCS,berlin-1936,1
United States of America,US,helsinki-1952,77
Hungary,HU,helsinki-1952,40
Sweden,SE,helsinki-1952,34
Germany,DE,helsinki-1952,23
Italy,IT,helsinki-1952,23
Finland,FI,helsinki-1952,21
France,FR,helsinki-1952,17
Switzerland,CH,helsinki-1952,15
Czechoslovakia,CSHH,helsinki-1952,13
Australia,AU,helsinki-1952,12
Great Britain,GB,helsinki-1952,11
South Africa,ZA,helsinki-1952,11
Japan,JP,helsinki-1952,9
Denmark,DK,helsinki-1952,7
Islamic Republic of Iran,IR,helsinki-1952,7
Argentina,AR,helsinki-1952,6
Belgium,BE,helsinki-1952,5
Jamaica,JM,helsinki-1952,5
Netherlands,NL,helsinki-1952,5
Norway,NO,helsinki-1952,5
Poland,PL,helsinki-1952,4
Romania,RO,helsinki-1952,4
Austria,AT,helsinki-1952,3
Brazil,BR,helsinki-1952,3
New Zealand,NZ,helsinki-1952,3
Turkey,TR,helsinki-1952,3
Uruguay,UY,helsinki-1952,3
Yugoslavia,YUCS,helsinki-1952,3
Canada,CA,helsinki-1952,2
Chile,CL,helsinki-1952,2
India,IN,helsinki-1952,2
Portugal,PT,helsinki-1952,2
Republic of Korea,KR,helsinki-1952,2
Trinidad and Tobago,TT,helsinki-1952,2
Bulgaria,BG,helsinki-1952,1
Egypt,EG,helsinki-1952,1
Ireland,IE,helsinki-1952,1
Luxembourg,LU,helsinki-1952,1
Mexico,MX,helsinki-1952,1
Spain,ES,helsinki-1952,1
Venezuela,VE,helsinki-1952,1
Great Britain,GB,london-1908,160
United States of America,US,london-1908,47
Sweden,SE,london-1908,26
France,FR,london-1908,20
Canada,CA,london-1908,17
Germany,DE,london-1908,15
Hungary,HU,london-1908,9
Belgium,BE,london-1908,8
Norway,NO,london-1908,8
Denmark,DK,london-1908,5
Finland,FI,london-1908,5
Greece,GR,london-1908,4
Italy,IT,london-1908,4
Russian Federation,RU,london-1908,3
Netherlands,NL,london-1908,2
South Africa,ZA,london-1908,2
Austria,AT,london-1908,1
United States of America,US,london-1948,88
Sweden,SE,london-1948,46
France,FR,london-1948,32
Italy,IT,london-1948,29
Great Britain,GB,london-1948,27
Hungary,HU,london-1948,27
Denmark,DK,london-1948,22
Finland,FI,london-1948,22
Switzerland,CH,london-1948,21
Netherlands,NL,london-1948,17
Australia,AU,london-1948,13
Czechoslovakia,CSHH,london-1948,13
Turkey,TR,london-1948,12
Norway,NO,london-1948,8
Argentina,AR,london-1948,7
Belgium,BE,london-1948,7
Egypt,EG,london-1948,5
Mexico,MX,london-1948,5
Austria,AT,london-1948,4
South Africa,ZA,london-1948,4
Canada,CA,london-1948,3
Jamaica,JM,london-1948,3
Portugal,PT,london-1948,3
Uruguay,UY,london-1948,3
Cuba,CU,london-1948,2
Panama,PA,london-1948,2
Republic of Korea,KR,london-1948,2
Yugoslavia,YUCS,london-1948,2
Brazil,BR,london-1948,1
India,IN,london-1948,1
Islamic Republic of Iran,IR,london-1948,1
Peru,PE,london-1948,1
Poland,PL,london-1948,1
Puerto Rico,PR,london-1948,1
Spain,ES,london-1948,1
Sri Lanka,LK,london-1948,1
United States of America,US,london-2012,112
People's Republic of China,CN,london-2012,102
Great Britain,GB,london-2012,77
Russian Federation,RU,london-2012,73
Germany,DE,london-2012,49
Australia,AU,london-2012,40
Japan,JP,london-2012,39
France,FR,london-2012,38
Republic of Korea,KR,london-2012,31
Italy,IT,london-2012,29
Netherlands,NL,london-2012,21
Spain,ES,london-2012,21
Brazil,BR,london-2012,20
Canada,CA,london-2012,20
Hungary,HU,london-2012,20
New Zealand,NZ,london-2012,19
Ukraine,UA,london-2012,19
Cuba,CU,london-2012,15
Belarus,BY,london-2012,13
Denmark,DK,london-2012,13
Islamic Republic of Iran,IR,london-2012,13
Poland,PL,london-2012,13
Czech Republic,CZ,london-2012,12
Jamaica,JM,london-2012,12
Kenya,KE,london-2012,12
Kazakhstan,KZ,london-2012,11
Azerbaijan,AZ,london-2012,10
Mexico,MX,london-2012,10
Colombia,CO,london-2012,9
Sweden,SE,london-2012,9
Democratic People's Republic of Korea,KP,london-2012,7
Ethiopia,ET,london-2012,7
Romania,RO,london-2012,7
Croatia,HR,london-2012,6
Georgia,GE,london-2012,6
India,IN,london-2012,6
Ireland,IE,london-2012,6
South Africa,ZA,london-2012,6
Argentina,AR,london-2012,5
Lithuania,LT,london-2012,5
Mongolia,MN,london-2012,5
Slovakia,SK,london-2012,5
Slovenia,SI,london-2012,5
Egypt,EG,london-2012,4
Norway,NO,london-2012,4
Serbia,RS,london-2012,4
Switzerland,CH,london-2012,4
Thailand,TH,london-2012,4
Belgium,BE,london-2012,3
Bulgaria,BG,london-2012,3
Finland,FI,london-2012,3
Greece,GR,london-2012,3
Indonesia,ID,london-2012,3
Latvia,LV,london-2012,3
Tunisia,TN,london-2012,3
Turkey,TR,london-2012,3
Armenia,AM,london-2012,2
Chinese Taipei,TW,london-2012,2
Dominican Republic,DO,london-2012,2
Estonia,EE,london-2012,2
Malaysia,MY,london-2012,2
Portugal,PT,london-2012,2
Puerto Rico,PR,london-2012,2
Qatar,QA,london-2012,2
Singapore,SG,london-2012,2
Uzbekistan,UZ,london-2012,2
Afghanistan,AF,london-2012,1
Algeria,DZ,london-2012,1
Bahamas,BS,london-2012,1
Bahrain,BH,london-2012,1
Botswana,BW,london-2012,1
Cameroon,CM,london-2012,1
Cyprus,CY,london-2012,1
Gabon,GA,london-2012,1
Grenada,GD,london-2012,1
Guatemala,GT,london-2012,1
"Hong Kong, China",HK,london-2012,1
Kuwait,KW,london-2012,1
Montenegro,ME,london-2012,1
Morocco,MA,london-2012,1
Saudi Arabia,SA,london-2012,1
Tajikistan,TJ,london-2012,1
Uganda,UG,london-2012,1
Venezuela,VE,london-2012,1
United States of America,US,los-angeles-1932,105
Italy,IT,los-angeles-1932,36
Finland,FI,los-angeles-1932,25
Sweden,SE,los-angeles-1932,24
Germany,DE,los-angeles-1932,21
France,FR,los-angeles-1932,20
Great Britain,GB,los-angeles-1932,19
Japan,JP,los-angeles-1932,18
Canada,CA,los-angeles-1932,16
Hungary,HU,los-angeles-1932,15
Poland,PL,los-angeles-1932,8
Denmark,DK,los-angeles-1932,7
Netherlands,NL,los-angeles-1932,7
Australia,AU,los-angeles-1932,5
Austria,AT,los-angeles-1932,5
South Africa,ZA,los-angeles-1932,5
Argentina,AR,los-angeles-1932,4
Czechoslovakia,CSHH,los-angeles-1932,4
Philippines,PH,los-angeles-1932,3
Ireland,IE,los-angeles-1932,2
Mexico,MX,los-angeles-1932,2
New Zealand,NZ,los-angeles-1932,2
India,IN,los-angeles-1932,1
Latvia,LV,los-angeles-1932,1
Spain,ES,los-angeles-1932,1
Switzerland,CH,los-angeles-1932,1
Uruguay,UY,los-angeles-1932,1
United States of America,US,los-angeles-1984,180
Federal Republic of Germany,DE,los-angeles-1984,62
Romania,RO,los-angeles-1984,58
Canada,CA,los-angeles-1984,51
Great Britain,GB,los-angeles-1984,38
Italy,IT,los-angeles-1984,33
Japan,JP,los-angeles-1984,33
People's Republic of China,CN,los-angeles-1984,32
France,FR,los-angeles-1984,31
Australia,AU,los-angeles-1984,26
Sweden,SE,los-angeles-1984,21
Yugoslavia,YUCS,los-angeles-1984,21
Republic of Korea,KR,los-angeles-1984,19
Netherlands,NL,los-angeles-1984,14
New Zealand,NZ,los-angeles-1984,13
Finland,FI,los-angeles-1984,12
Brazil,BR,los-angeles-1984,8
Spain,ES,los-angeles-1984,8
Switzerland,CH,los-angeles-1984,8
Denmark,DK,los-angeles-1984,6
Mexico,MX,los-angeles-1984,6
Belgium,BE,los-angeles-1984,5
Norway,NO,los-angeles-1984,4
Austria,AT,los-angeles-1984,3
Jamaica,JM,los-angeles-1984,3
Kenya,KE,los-angeles-1984,3
Portugal,PT,los-angeles-1984,3
Turkey,TR,los-angeles-1984,3
Venezuela,VE,los-angeles-1984,3
Algeria,DZ,los-angeles-1984,2
Greece,GR,los-angeles-1984,2
Morocco,MA,los-angeles-1984,2
Nigeria,NG,los-angeles-1984,2
Puerto Rico,PR,los-angeles-1984,2
Cameroon,CM,los-angeles-1984,1
Chinese Taipei,TW,los-angeles-1984,1
Colombia,CO,los-angeles-1984,1
Côte d'Ivoire,CI,los-angeles-1984,1
Dominican Republic,DO,los-angeles-1984,1
Egypt,EG,los-angeles-1984,1
Iceland,IS,los-angeles-1984,1
Ireland,IE,los-angeles-1984,1
Pakistan,PK,los-angeles-1984,1
Peru,PE,los-angeles-1984,1
Syrian Arab Republic,SY,los-angeles-1984,1
Thailand,TH,los-angeles-1984,1
Zambia,ZM,los-angeles-1984,1
United States of America,US,melbourne-1956,77
Australia,AU,melbourne-1956,39
Hungary,HU,melbourne-1956,29
Italy,IT,melbourne-1956,24
Germany,DE,melbourne-1956,22
Great Britain,GB,melbourne-1956,22
Japan,JP,melbourne-1956,19
Sweden,SE,melbourne-1956,16
Finland,FI,melbourne-1956,15
France,FR,melbourne-1956,15
Romania,RO,melbourne-1956,14
Poland,PL,melbourne-1956,9
Czechoslovakia,CSHH,melbourne-1956,7
Turkey,TR,melbourne-1956,7
Bulgaria,BG,melbourne-1956,5
Canada,CA,melbourne-1956,5
Ireland,IE,melbourne-1956,5
Islamic Republic of Iran,IR,melbourne-1956,5
Austria,AT,melbourne-1956,4
Chile,CL,melbourne-1956,4
South Africa,ZA,melbourne-1956,4
Denmark,DK,melbourne-1956,3
New Zealand,NZ,melbourne-1956,3
Norway,NO,melbourne-1956,3
Yugoslavia,YUCS,melbourne-1956,3
Argentina,AR,melbourne-1956,2
Bahamas,BS,melbourne-1956,2
Belgium,BE,melbourne-1956,2
Mexico,MX,melbourne-1956,2
Republic of Korea,KR,melbourne-1956,2
Brazil,BR,melbourne-1956,1
Greece,GR,melbourne-1956,1
Iceland,IS,melbourne-1956,1
India,IN,melbourne-1956,1
Pakistan,PK,melbourne-1956,1
Uruguay,UY,melbourne-1956,1
United States of America,US,mexico-city-1968,110
Hungary,HU,mexico-city-1968,35
Federal Republic of Germany,DE,mexico-city-1968,28
German Democratic Republic (Germany),DDDE,mexico-city-1968,26
Japan,JP,mexico-city-1968,25
Poland,PL,mexico-city-1968,18
Australia,AU,mexico-city-1968,17
Italy,IT,mexico-city-1968,17
France,FR,mexico-city-1968,16
Romania,RO,mexico-city-1968,16
Great Britain,GB,mexico-city-1968,14
Czechoslovakia,CSHH,mexico-city-1968,13
Bulgaria,BG,mexico-city-1968,9
Denmark,DK,mexico-city-1968,9
Kenya,KE,mexico-city-1968,9
Mexico,MX,mexico-city-1968,9
Netherlands,NL,mexico-city-1968,9
Yugoslavia,YUCS,mexico-city-1968,8
Austria,AT,mexico-city-1968,5
Canada,CA,mexico-city-1968,5
Islamic Republic of Iran,IR,mexico-city-1968,5
Switzerland,CH,mexico-city-1968,5
Brazil,BR,mexico-city-1968,4
Cuba,CU,mexico-city-1968,4
Finland,FI,mexico-city-1968,4
Mongolia,MN,mexico-city-1968,4
Sweden,SE,mexico-city-1968,4
Belgium,BE,mexico-city-1968,3
New Zealand,NZ,mexico-city-1968,3
Norway,NO,mexico-city-1968,3
Argentina,AR,mexico-city-1968,2
Ethiopia,ET,mexico-city-1968,2
Republic of Korea,KR,mexico-city-1968,2
Tunisia,TN,mexico-city-1968,2
Turkey,TR,mexico-city-1968,2
Uganda,UG,mexico-city-1968,2
Cameroon,CM,mexico-city-1968,1
Chinese Taipei,TW,mexico-city-1968,1
Greece,GR,mexico-city-1968,1
India,IN,mexico-city-1968,1
Jamaica,JM,mexico-city-1968,1
Pakistan,PK,mexico-city-1968,1
Venezuela,VE,mexico-city-1968,1
German Democratic Republic (Germany),DDDE,montreal-1976,97
United States of America,US,montreal-1976,97
Federal Republic of Germany,DE,montreal-1976,44
Romania,RO,montreal-1976,29
Poland,PL,montreal-1976,27
Hungary,HU,montreal-1976,26
Japan,JP,montreal-1976,25
Bulgaria,BG,montreal-1976,24
Great Britain,GB,montreal-1976,16
Cuba,CU,montreal-1976,13
Italy,IT,montreal-1976,13
Canada,CA,montreal-1976,11
France,FR,montreal-1976,9
Czechoslovakia,CSHH,montreal-1976,8
Yugoslavia,YUCS,montreal-1976,8
Australia,AU,montreal-1976,6
Belgium,BE,montreal-1976,6
Finland,FI,montreal-1976,6
Republic of Korea,KR,montreal-1976,6
Sweden,SE,montreal-1976,6
Netherlands,NL,montreal-1976,5
New Zealand,NZ,montreal-1976,4
Switzerland,CH,montreal-1976,4
Brazil,BR,montreal-1976,3
Denmark,DK,montreal-1976,3
Norway,NO,montreal-1976,3
Spain,ES,montreal-1976,3
Democratic People's Republic of Korea,KP,montreal-1976,2
Islamic Republic of Iran,IR,montreal-1976,2
Jamaica,JM,montreal-1976,2
Mexico,MX,montreal-1976,2
Portugal,PT,montreal-1976,2
Austria,AT,montreal-1976,1
Bermuda,BM,montreal-1976,1
Mongolia,MN,montreal-1976,1
Pakistan,PK,montreal-1976,1
Puerto Rico,PR,montreal-1976,1
Thailand,TH,montreal-1976,1
Venezuela,VE,montreal-1976,1
German Democratic Republic (Germany),DDDE,moscow-1980,134
Bulgaria,BG,moscow-1980,43
Hungary,HU,moscow-1980,36
Poland,PL,moscow-1980,33
Romania,RO,moscow-1980,28
Great Britain,GB,moscow-1980,22
Cuba,CU,moscow-1980,20
Italy,IT,moscow-1980,16
Czechoslovakia,CSHH,moscow-1980,15
France,FR,moscow-1980,14
Sweden,SE,moscow-1980,13
Yugoslavia,YUCS,moscow-1980,10
Australia,AU,moscow-1980,9
Finland,FI,moscow-1980,9
Spain,ES,moscow-1980,9
Brazil,BR,moscow-1980,6
Denmark,DK,moscow-1980,6
Austria,AT,moscow-1980,5
Democratic People's Republic of Korea,KP,moscow-1980,5
Ethiopia,ET,moscow-1980,4
Mexico,MX,moscow-1980,4
Mongolia,MN,moscow-1980,4
Greece,GR,moscow-1980,3
Ireland,IE,moscow-1980,3
Jamaica,JM,moscow-1980,3
Netherlands,NL,moscow-1980,3
Switzerland,CH,moscow-1980,2
United Republic of Tanzania,TZ,moscow-1980,2
Belgium,BE,moscow-1980,1
Guyana,GY,moscow-1980,1
India,IN,moscow-1980,1
Uganda,UG,moscow-1980,1
Venezuela,VE,moscow-1980,1
Zimbabwe,ZW,moscow-1980,1
United States of America,US,munich-1972,95
German Democratic Republic (Germany),DDDE,munich-1972,71
Federal Republic of Germany,DE,munich-1972,43
Hungary,HU,munich-1972,36
Japan,JP,munich-1972,29
Poland,PL,munich-1972,23
Bulgaria,BG,munich-1972,22
Great Britain,GB,munich-1972,20
Australia,AU,munich-1972,18
Italy,IT,munich-1972,18
Romania,RO,munich-1972,18
Sweden,SE,munich-1972,17
France,FR,munich-1972,15
Kenya,KE,munich-1972,9
Cuba,CU,munich-1972,8
Czechoslovakia,CSHH,munich-1972,8
Finland,FI,munich-1972,8
Netherlands,NL,munich-1972,6
Canada,CA,munich-1972,5
Democratic People's Republic of Korea,KP,munich-1972,5
Norway,NO,munich-1972,5
Yugoslavia,YUCS,munich-1972,5
Switzerland,CH,munich-1972,4
Austria,AT,munich-1972,3
Colombia,CO,munich-1972,3
Islamic Republic of Iran,IR,munich-1972,3
New Zealand,NZ,munich-1972,3
Belgium,BE,munich-1972,2
Brazil,BR,munich-1972,2
Ethiopia,ET,munich-1972,2
Greece,GR,munich-1972,2
Uganda,UG,munich-1972,2
Argentina,AR,munich-1972,1
Denmark,DK,munich-1972,1
Ghana,GH,munich-1972,1
India,IN,munich-1972,1
Jamaica,JM,munich-1972,1
Mexico,MX,munich-1972,1
Mongolia,MN,munich-1972,1
Niger,NE,munich-1972,1
Nigeria,NG,munich-1972,1
Pakistan,PK,munich-1972,1
Republic of Korea,KR,munich-1972,1
Spain,ES,munich-1972,1
Tunisia,TN,munich-1972,1
Turkey,TR,munich-1972,1
France,FR,paris-1900,103
United States of America,US,paris-1900,48
Great Britain,GB,paris-1900,35
Belgium,BE,paris-1900,16
Germany,DE,paris-1900,9
Switzerland,CH,paris-1900,9
Austria,AT,paris-1900,6
Denmark,DK,paris-1900,6
Australia,AU,paris-1900,5
Hungary,HU,paris-1900,5
Italy,IT,paris-1900,5
Netherlands,NL,paris-1900,5
Norway,NO,paris-1900,5
Canada,CA,paris-1900,2
Cuba,CU,paris-1900,2
India,IN,paris-1900,2
Spain,ES,paris-1900,2
Luxembourg,LU,paris-1900,1
Sweden,SE,paris-1900,1
United States of America,US,paris-1924,104
France,FR,paris-1924,43
Finland,FI,paris-1924,37
Great Britain,GB,paris-1924,36
Sweden,SE,paris-1924,29
Switzerland,CH,paris-1924,26
Italy,IT,paris-1924,16
Belgium,BE,paris-1924,13
Netherlands,NL,paris-1924,13
Czechoslovakia,CSHH,paris-1924,10
Denmark,DK,paris-1924,10
Norway,NO,paris-1924,10
Hungary,HU,paris-1924,9
Argentina,AR,paris-1924,6
Australia,AU,paris-1924,6
Estonia,EE,paris-1924,6
Austria,AT,paris-1924,4
Canada,CA,paris-1924,4
South Africa,ZA,paris-1924,3
Poland,PL,paris-1924,2
Yugoslavia,YUCS,paris-1924,2
Haiti,HT,paris-1924,1
Japan,JP,paris-1924,1
New Zealand,NZ,paris-1924,1
Portugal,PT,paris-1924,1
Romania,RO,paris-1924,1
Uruguay,UY,paris-1924,1
United States of America,US,rio-2016,127
People's Republic of China,CN,rio-2016,79
Great Britain,GB,rio-2016,75
Russian Federation,RU,rio-2016,59
Germany,DE,rio-2016,48
France,FR,rio-2016,45
Japan,JP,rio-2016,43
Australia,AU,rio-2016,34
Italy,IT,rio-2016,31
Canada,CA,rio-2016,24
Brazil,BR,rio-2016,23
New Zealand,NZ,rio-2016,23
Republic of Korea,KR,rio-2016,22
Netherlands,NL,rio-2016,21
Spain,ES,rio-2016,19
Azerbaijan,AZ,rio-2016,18
Denmark,DK,rio-2016,18
Kazakhstan,KZ,rio-2016,18
Hungary,HU,rio-2016,16
Kenya,KE,rio-2016,13
Poland,PL,rio-2016,13
Uzbekistan,UZ,rio-2016,13
Croatia,HR,rio-2016,12
Czech Republic,CZ,rio-2016,12
Ukraine,UA,rio-2016,12
Cuba,CU,rio-2016,11
Jamaica,JM,rio-2016,11
South Africa,ZA,rio-2016,11
Sweden,SE,rio-2016,11
Belarus,BY,rio-2016,9
Serbia,RS,rio-2016,9
Colombia,CO,rio-2016,8
Ethiopia,ET,rio-2016,8
Islamic Republic of Iran,IR,rio-2016,8
Malaysia,MY,rio-2016,8
Switzerland,CH,rio-2016,8
Turkey,TR,rio-2016,8
Democratic People's Republic of Korea,KP,rio-2016,7
Georgia,GE,rio-2016,7
Greece,GR,rio-2016,7
Lithuania,LT,rio-2016,7
Belgium,BE,rio-2016,6
Norway,NO,rio-2016,6
Thailand,TH,rio-2016,6
Argentina,AR,rio-2016,5
Mexico,MX,rio-2016,5
Romania,RO,rio-2016,5
Slovakia,SK,rio-2016,5
Armenia,AM,rio-2016,4
Indonesia,ID,rio-2016,4
Slovenia,SI,rio-2016,4
Bulgaria,BG,rio-2016,3
Chinese Taipei,TW,rio-2016,3
Egypt,EG,rio-2016,3
Ireland,IE,rio-2016,3
Tunisia,TN,rio-2016,3
Venezuela,VE,rio-2016,3
Algeria,DZ,rio-2016,2
Austria,AT,rio-2016,2
Bahamas,BS,rio-2016,2
Bahrain,BH,rio-2016,2
Côte d'Ivoire,CI,rio-2016,2
Independent Olympic Athletes,IOA,rio-2016,2
India,IN,rio-2016,2
Israel,IL,rio-2016,2
Mongolia,MN,rio-2016,2
Vietnam,VN,rio-2016,2
Burundi,BI,rio-2016,1
Dominican Republic,DO,rio-2016,1
Estonia,EE,rio-2016,1
Fiji,FJ,rio-2016,1
Finland,FI,rio-2016,1
Grenada,GD,rio-2016,1
Jordan,JO,rio-2016,1
Kosovo,XK,rio-2016,1
Morocco,MA,rio-2016,1
Niger,NE,rio-2016,1
Nigeria,NG,rio-2016,1
Philippines,PH,rio-2016,1
Portugal,PT,rio-2016,1
Puerto Rico,PR,rio-2016,1
Qatar,QA,rio-2016,1
Singapore,SG,rio-2016,1
Tajikistan,TJ,rio-2016,1
United Arab Emirates,AE,rio-2016,1
United States of America,US,rome-1960,72
Germany,DE,rome-1960,44
Italy,IT,rome-1960,38
Hungary,HU,rome-1960,24
Australia,AU,rome-1960,22
Poland,PL,rome-1960,22
Great Britain,GB,rome-1960,20
Japan,JP,rome-1960,18
Romania,RO,rome-1960,10
Czechoslovakia,CSHH,rome-1960,9
Turkey,TR,rome-1960,9
Bulgaria,BG,rome-1960,7
Denmark,DK,rome-1960,7
Sweden,SE,rome-1960,7
Switzerland,CH,rome-1960,7
Finland,FI,rome-1960,6
France,FR,rome-1960,5
Belgium,BE,rome-1960,4
Islamic Republic of Iran,IR,rome-1960,4
Austria,AT,rome-1960,3
Netherlands,NL,rome-1960,3
New Zealand,NZ,rome-1960,3
South Africa,ZA,rome-1960,3
Argentina,AR,rome-1960,2
Brazil,BR,rome-1960,2
Norway,NO,rome-1960,2
Pakistan,PK,rome-1960,2
Portugal,PT,rome-1960,2
Yugoslavia,YUCS,rome-1960,2
Canada,CA,rome-1960,1
Chinese Taipei,TW,rome-1960,1
Ethiopia,ET,rome-1960,1
Ghana,GH,rome-1960,1
Greece,GR,rome-1960,1
India,IN,rome-1960,1
Iraq,IQ,rome-1960,1
Mexico,MX,rome-1960,1
Morocco,MA,rome-1960,1
Singapore,SG,rome-1960,1
Spain,ES,rome-1960,1
Venezuela,VE,rome-1960,1
German Democratic Republic (Germany),DDDE,seoul-1988,105
United States of America,US,seoul-1988,101
Federal Republic of Germany,DE,seoul-1988,41
Bulgaria,BG,seoul-1988,38
Republic of Korea,KR,seoul-1988,35
People's Republic of China,CN,seoul-1988,30
Great Britain,GB,seoul-1988,26
Romania,RO,seoul-1988,26
Hungary,HU,seoul-1988,24
France,FR,seoul-1988,19
Poland,PL,seoul-1988,18
New Zealand,NZ,seoul-1988,17
Australia,AU,seoul-1988,16
Japan,JP,seoul-1988,15
Yugoslavia,YUCS,seoul-1988,15
Italy,IT,seoul-1988,14
Sweden,SE,seoul-1988,13
Canada,CA,seoul-1988,12
Netherlands,NL,seoul-1988,11
Czechoslovakia,CSHH,seoul-1988,10
Kenya,KE,seoul-1988,9
Brazil,BR,seoul-1988,8
Norway,NO,seoul-1988,6
Denmark,DK,seoul-1988,5
Spain,ES,seoul-1988,5
Switzerland,CH,seoul-1988,5
Finland,FI,seoul-1988,4
Morocco,MA,seoul-1988,3
Argentina,AR,seoul-1988,2
Belgium,BE,seoul-1988,2
Jamaica,JM,seoul-1988,2
Mexico,MX,seoul-1988,2
Turkey,TR,seoul-1988,2
Austria,AT,seoul-1988,1
Chile,CL,seoul-1988,1
Colombia,CO,seoul-1988,1
Costa Rica,CR,seoul-1988,1
Djibouti,DJ,seoul-1988,1
Greece,GR,seoul-1988,1
Indonesia,ID,seoul-1988,1
Islamic Republic of Iran,IR,seoul-1988,1
Mongolia,MN,seoul-1988,1
Netherlands Antilles,AN,seoul-1988,1
Pakistan,PK,seoul-1988,1
Peru,PE,seoul-1988,1
Philippines,PH,seoul-1988,1
Portugal,PT,seoul-1988,1
Senegal,SN,seoul-1988,1
Suriname,SR,seoul-1988,1
Thailand,TH,seoul-1988,1
"Virgin Islands, US",VI,seoul-1988,1
United States of America,US,st-louis-1904,241
Germany,DE,st-louis-1904,15
Canada,CA,st-louis-1904,6
Australia,AU,st-louis-1904,4
Hungary,HU,st-louis-1904,4
Austria,AT,st-louis-1904,3
Cuba,CU,st-louis-1904,3
Switzerland,CH,st-louis-1904,3
Great Britain,GB,st-louis-1904,2
Greece,GR,st-louis-1904,2
Norway,NO,st-louis-1904,2
France,FR,st-louis-1904,1
Sweden,SE,stockholm-1912,68
United States of America,US,stockholm-1912,63
Great Britain,GB,stockholm-1912,44
Finland,FI,stockholm-1912,26
Germany,DE,stockholm-1912,26
France,FR,stockholm-1912,17
Denmark,DK,stockholm-1912,12
Norway,NO,stockholm-1912,10
Canada,CA,stockholm-1912,8
Hungary,HU,stockholm-1912,8
South Africa,ZA,stockholm-1912,7
Belgium,BE,stockholm-1912,6
Italy,IT,stockholm-1912,6
Austria,AT,stockholm-1912,5
Russian Federation,RU,stockholm-1912,5
Netherlands,NL,stockholm-1912,3
Greece,GR,stockholm-1912,2
United States of America,US,sydney-2000,102
Russian Federation,RU,sydney-2000,93
People's Republic of China,CN,sydney-2000,70
Australia,AU,sydney-2000,69
Germany,DE,sydney-2000,64
France,FR,sydney-2000,42
Italy,IT,sydney-2000,38
Great Britain,GB,sydney-2000,31
Republic of Korea,KR,sydney-2000,31
Cuba,CU,sydney-2000,30
Romania,RO,sydney-2000,30
Netherlands,NL,sydney-2000,27
Ukraine,UA,sydney-2000,25
Hungary,HU,sydney-2000,21
Japan,JP,sydney-2000,19
Poland,PL,sydney-2000,18
Belarus,BY,sydney-2000,17
Brazil,BR,sydney-2000,16
Canada,CA,sydney-2000,16
Bulgaria,BG,sydney-2000,13
Greece,GR,sydney-2000,13
Sweden,SE,sydney-2000,13
Spain,ES,sydney-2000,12
Norway,NO,sydney-2000,11
Czech Republic,CZ,sydney-2000,9
Jamaica,JM,sydney-2000,9
Switzerland,CH,sydney-2000,9
Ethiopia,ET,sydney-2000,8
Indonesia,ID,sydney-2000,8
Belgium,BE,sydney-2000,7
Kazakhstan,KZ,sydney-2000,7
Kenya,KE,sydney-2000,7
Denmark,DK,sydney-2000,6
Georgia,GE,sydney-2000,6
Lithuania,LT,sydney-2000,6
Mexico,MX,sydney-2000,6
Slovakia,SK,sydney-2000,6
Algeria,DZ,sydney-2000,5
Argentina,AR,sydney-2000,5
Chinese Taipei,TW,sydney-2000,5
Finland,FI,sydney-2000,5
Morocco,MA,sydney-2000,5
South Africa,ZA,sydney-2000,5
Turkey,TR,sydney-2000,5
Austria,AT,sydney-2000,4
Democratic People's Republic of Korea,KP,sydney-2000,4
Islamic Republic of Iran,IR,sydney-2000,4
New Zealand,NZ,sydney-2000,4
Uzbekistan,UZ,sydney-2000,4
Azerbaijan,AZ,sydney-2000,3
Bahamas,BS,sydney-2000,3
Estonia,EE,sydney-2000,3
Latvia,LV,sydney-2000,3
Nigeria,NG,sydney-2000,3
Serbia and Montenegro,CSXX,sydney-2000,3
Slovenia,SI,sydney-2000,3
Thailand,TH,sydney-2000,3
Costa Rica,CR,sydney-2000,2
Croatia,HR,sydney-2000,2
Portugal,PT,sydney-2000,2
Republic of Moldova,MD,sydney-2000,2
Saudi Arabia,SA,sydney-2000,2
Trinidad and Tobago,TT,sydney-2000,2
Armenia,AM,sydney-2000,1
Barbados,BB,sydney-2000,1
Cameroon,CM,sydney-2000,1
Chile,CL,sydney-2000,1
Colombia,CO,sydney-2000,1
Iceland,IS,sydney-2000,1
India,IN,sydney-2000,1
Ireland,IE,sydney-2000,1
Israel,IL,sydney-2000,1
Kuwait,KW,sydney-2000,1
Kyrgyzstan,KG,sydney-2000,1
Mozambique,MZ,sydney-2000,1
North Macedonia,MK,sydney-2000,1
Qatar,QA,sydney-2000,1
Sri Lanka,LK,sydney-2000,1
Uruguay,UY,sydney-2000,1
Vietnam,VN,sydney-2000,1
United States of America,US,tokyo-1964,94
Germany,DE,tokyo-1964,54
Japan,JP,tokyo-1964,29
Italy,IT,tokyo-1964,28
Poland,PL,tokyo-1964,23
Hungary,HU,tokyo-1964,22
Great Britain,GB,tokyo-1964,19
Australia,AU,tokyo-1964,18
France,FR,tokyo-1964,16
Czechoslovakia,CSHH,tokyo-1964,15
Romania,RO,tokyo-1964,13
Netherlands,NL,tokyo-1964,12
Bulgaria,BG,tokyo-1964,10
Sweden,SE,tokyo-1964,10
Denmark,DK,tokyo-1964,7
New Zealand,NZ,tokyo-1964,6
Turkey,TR,tokyo-1964,6
Canada,CA,tokyo-1964,5
Finland,FI,tokyo-1964,5
Yugoslavia,YUCS,tokyo-1964,5
Switzerland,CH,tokyo-1964,4
Belgium,BE,tokyo-1964,3
Republic of Korea,KR,tokyo-1964,3
Trinidad and Tobago,TT,tokyo-1964,3
Bahamas,BS,tokyo-1964,2
Islamic Republic of Iran,IR,tokyo-1964,2
Tunisia,TN,tokyo-1964,2
Argentina,AR,tokyo-1964,1
Brazil,BR,tokyo-1964,1
Cuba,CU,tokyo-1964,1
Ethiopia,ET,tokyo-1964,1
Ghana,GH,tokyo-1964,1
India,IN,tokyo-1964,1
Ireland,IE,tokyo-1964,1
Kenya,KE,tokyo-1964,1
Mexico,MX,tokyo-1964,1
Nigeria,NG,tokyo-1964,1
Pakistan,PK,tokyo-1964,1
Philippines,PH,tokyo-1964,1
Uruguay,UY,tokyo-1964,1
United States of America,US,tokyo-2020,118
People's Republic of China,CN,tokyo-2020,104
ROC,ROC,tokyo-2020,81
Great Britain,GB,tokyo-2020,71
Japan,JP,tokyo-2020,60
Australia,AU,tokyo-2020,50
Germany,DE,tokyo-2020,46
Italy,IT,tokyo-2020,43
Netherlands,NL,tokyo-2020,41
France,FR,tokyo-2020,37
Canada,CA,tokyo-2020,27
New Zealand,NZ,tokyo-2020,25
Brazil,BR,tokyo-2020,23
Republic of Korea,KR,tokyo-2020,22
Ukraine,UA,tokyo-2020,22
Hungary,HU,tokyo-2020,21
Spain,ES,tokyo-2020,19
Cuba,CU,tokyo-2020,16
Poland,PL,tokyo-2020,16
Switzerland,CH,tokyo-2020,15
Chinese Taipei,TW,tokyo-2020,14
Denmark,DK,tokyo-2020,14
Czech Republic,CZ,tokyo-2020,13
Turkey,TR,tokyo-2020,13
Croatia,HR,tokyo-2020,11
Kenya,KE,tokyo-2020,10
Sweden,SE,tokyo-2020,10
Jamaica,JM,tokyo-2020,9
Norway,NO,tokyo-2020,9
Serbia,RS,tokyo-2020,9
Georgia,GE,tokyo-2020,8
Kazakhstan,KZ,tokyo-2020,8
Austria,AT,tokyo-2020,7
Azerbaijan,AZ,tokyo-2020,7
Belarus,BY,tokyo-2020,7
Belgium,BE,tokyo-2020,7
India,IN,tokyo-2020,7
Islamic Republic of Iran,IR,tokyo-2020,7
Bulgaria,BG,tokyo-2020,6
Egypt,EG,tokyo-2020,6
"Hong Kong, China",HK,tokyo-2020,6
Indonesia,ID,tokyo-2020,6
Mexico,MX,tokyo-2020,6
Romania,RO,tokyo-2020,6
Colombia,CO,tokyo-2020,5
Dominican Republic,DO,tokyo-2020,5
Ireland,IE,tokyo-2020,5
Slovenia,SI,tokyo-2020,5
Uzbekistan,UZ,tokyo-2020,5
Armenia,AM,tokyo-2020,4
Ethiopia,ET,tokyo-2020,4
Greece,GR,tokyo-2020,4
Israel,IL,tokyo-2020,4
Mongolia,MN,tokyo-2020,4
Philippines,PH,tokyo-2020,4
Portugal,PT,tokyo-2020,4
Qatar,QA,tokyo-2020,4
San Marino,SM,tokyo-2020,4
Slovakia,SK,tokyo-2020,4
Uganda,UG,tokyo-2020,4
Venezuela,VE,tokyo-2020,4
Argentina,AR,tokyo-2020,3
Ecuador,EC,tokyo-2020,3
Kyrgyzstan,KG,tokyo-2020,3
Malaysia,MY,tokyo-2020,3
South Africa,ZA,tokyo-2020,3
Bahamas,BS,tokyo-2020,2
Estonia,EE,tokyo-2020,2
Fiji,FJ,tokyo-2020,2
Finland,FI,tokyo-2020,2
Jordan,JO,tokyo-2020,2
Kosovo,XK,tokyo-2020,2
Latvia,LV,tokyo-2020,2
Nigeria,NG,tokyo-2020,2
Thailand,TH,tokyo-2020,2
Tunisia,TN,tokyo-2020,2
Bahrain,BH,tokyo-2020,1
Bermuda,BM,tokyo-2020,1
Botswana,BW,tokyo-2020,1
Burkina Faso,BF,tokyo-2020,1
Côte d'Ivoire,CI,tokyo-2020,1
Ghana,GH,tokyo-2020,1
Grenada,GD,tokyo-2020,1
Kuwait,KW,tokyo-2020,1
Lithuania,LT,tokyo-2020,1
Morocco,MA,tokyo-2020,1
North Macedonia,MK,tokyo-2020,1
Puerto Rico,PR,tokyo-2020,1
Republic of Moldova,MD,tokyo-2020,1
Saudi Arabia,SA,tokyo-2020,1
Syrian Arab Republic,SY,tokyo-2020,1
Turkmenistan,TM,tokyo-2020,1
